Type,Name,Request Count,Failure Count,Median Response Time,Average Response Time,Min Response Time,Max Response Time,Average Content Size,Requests/s,Failures/s,50%,66%,75%,80%,90%,95%,98%,99%,99.9%,99.99%,100%
GET,/get-random?method=OPTIMISTIC_LOCK,55657,0,16,17.467588845967345,4.68970000000013,61.811899999980824,68.2755448550946,1010.6327217133909,0.0,16,18,19,20,23,26,30,33,43,59,62
,Aggregated,55657,0,16,17.467588845967345,4.68970000000013,61.811899999980824,68.2755448550946,1010.6327217133909,0.0,16,18,19,20,23,26,30,33,43,59,62
