Type,Name,Request Count,Failure Count,Median Response Time,Average Response Time,Min Response Time,Max Response Time,Average Content Size,Requests/s,Failures/s,50%,66%,75%,80%,90%,95%,98%,99%,99.9%,99.99%,100%
GET,/get,49298,0,20,21.69331815692321,1.4761000000014235,108.74190000000539,51.5,821.477500905928,0.0,20,22,25,27,33,40,49,56,81,100,110
,Aggregated,49298,0,20,21.69331815692321,1.4761000000014235,108.74190000000539,51.5,821.477500905928,0.0,20,22,25,27,33,40,49,56,81,100,110
