Type,Name,Request Count,Failure Count,Median Response Time,Average Response Time,Min Response Time,Max Response Time,Average Content Size,Requests/s,Failures/s,50%,66%,75%,80%,90%,95%,98%,99%,99.9%,99.99%,100%
GET,/get-random?method=SYNCHRONIZED,58331,0,17,18.28635355471391,4.504199999999514,85.20269999999641,70.27621676295624,971.8534198853937,0.0,17,19,20,22,25,28,33,36,53,73,85
,Aggregated,58331,0,17,18.28635355471391,4.504199999999514,85.20269999999641,70.27621676295624,971.8534198853937,0.0,17,19,20,22,25,28,33,36,53,73,85
