Type,Name,Request Count,Failure Count,Median Response Time,Average Response Time,Min Response Time,Max Response Time,Average Content Size,Requests/s,Failures/s,50%,66%,75%,80%,90%,95%,98%,99%,99.9%,99.99%,100%
GET,/get,79597,0,14,14.000901072904881,1.4333999999962543,50.06890000001363,51.49999371835622,1326.5857869325484,0.0,14,16,18,19,23,25,27,28,37,44,50
,Aggregated,79597,0,14,14.000901072904881,1.4333999999962543,50.06890000001363,51.49999371835622,1326.5857869325484,0.0,14,16,18,19,23,25,27,28,37,44,50
